sourceid,redshift,AGN,LyA,HeII,CIV,CIII],NIV],OIII],MgII,OPT_OII,OPT_O3,OPT_Hb,OPT_4363,Continuum_detected,comment_lin,comment_secondary,plots,JADES_seds
1002360,5.81369,No,No,No,No,No,No,No,No,No,No,No,No,No,,,https://fenrir.as.arizona.edu/diver/DIVER/grating_plots/spectrum_plot_1002360.png,https://jades.idies.jhu.edu/goods-n/goodsn_eazy_seds_v10e1/1002360_EAZY_SED.png
1002411,0.855,,,,,,,,,,,,,,,,,
1002472,3.697,,,,,,,,,,,,,,,,,
1002711,5.79313,No,Yes,Yes,No,Yes,No,No,No,No,No,No,No,No,"LyA, CIII], HeII",Lya CIII] HeII,https://fenrir.as.arizona.edu/diver/DIVER/grating_plots/spectrum_plot_1002711.png,https://jades.idies.jhu.edu/goods-n/goodsn_eazy_seds_v10e1/1002711_EAZY_SED.png
1002715,0.947,,,,,,,,,,,,,,,,,
1003167,5.987,No,Yes,Yes,No,Yes,No,No,No,No,No,No,No,No,LyA,Lya CIII] HeII,https://fenrir.as.arizona.edu/diver/DIVER/grating_plots/spectrum_plot_1003167.png,https://jades.idies.jhu.edu/goods-n/goodsn_eazy_seds_v10e1/1003167_EAZY_SED.png
1003242,2.229,,,,,,,,,,,,,,,,,
1003313,1.999,,,,,,,,,,,,,,,,,
1003896,3.99424,No,No,No,No,Yes,No,No,No,Yes,No,No,Yes,No,optical lines,CIII]+several optical emission lines [OII]4363,https://fenrir.as.arizona.edu/diver/DIVER/grating_plots/spectrum_plot_1003896.png,https://jades.idies.jhu.edu/goods-n/goodsn_eazy_seds_v10e1/1003896_EAZY_SED.png
1004072,3.92878,No,No,No,No,No,No,No,No,No,Yes,Yes,No,No,Hb+O3,Hb+O3 (additional emission at 1.71micron (Hb (broad) [OIII] contaminations?),https://fenrir.as.arizona.edu/diver/DIVER/grating_plots/spectrum_plot_1004072.png,https://jades.idies.jhu.edu/goods-n/goodsn_eazy_seds_v10e1/1004072_EAZY_SED.png
1004545,,No,No,No,No,No,No,No,No,No,Yes,Yes,No,No,,Hb+O3 at around 1.65 Hb broad,https://fenrir.as.arizona.edu/diver/DIVER/grating_plots/spectrum_plot_1004545.png,https://jades.idies.jhu.edu/goods-n/goodsn_eazy_seds_v10e1/1004545_EAZY_SED.png
1004792,4.341,,,,,,,,,,,,,,,,,
1005262,,No,No,No,No,No,No,No,No,No,No,No,No,No,,"noisy, need to look into the reduction",https://fenrir.as.arizona.edu/diver/DIVER/grating_plots/spectrum_plot_1005262.png,https://jades.idies.jhu.edu/goods-n/goodsn_eazy_seds_v10e1/1005262_EAZY_SED.png
1005572,4.770247118,No,No,No,No,No,No,No,No,No,Yes,Yes,No,No,,Hb+O3 at around 1.82 (refine z),https://fenrir.as.arizona.edu/diver/DIVER/grating_plots/spectrum_plot_1005572.png,https://jades.idies.jhu.edu/goods-n/goodsn_eazy_seds_v10e1/1005572_EAZY_SED.png
1005744,4.18456,No,No,No,No,No,No,No,No,No,No,No,No,No,,no emission line,https://fenrir.as.arizona.edu/diver/DIVER/grating_plots/spectrum_plot_1005744.png,https://jades.idies.jhu.edu/goods-n/goodsn_eazy_seds_v10e1/1005744_EAZY_SED.png
1005774,6.66845,No,No,No,No,No,No,No,No,No,No,No,No,No,,no emission line,https://fenrir.as.arizona.edu/diver/DIVER/grating_plots/spectrum_plot_1005774.png,https://jades.idies.jhu.edu/goods-n/goodsn_eazy_seds_v10e1/1005774_EAZY_SED.png
1005836,8.26894,No,No,No,No,No,No,No,No,No,No,No,No,Yes,stellar absorption,no emission line,https://fenrir.as.arizona.edu/diver/DIVER/grating_plots/spectrum_plot_1005836.png,https://jades.idies.jhu.edu/goods-n/goodsn_eazy_seds_v10e1/1005836_EAZY_SED.png
1006058,3.863,,,,,,,,,,,,,,,,,
1006405,4.41,,,,,,,,,,,,,,,,,
1006863,0.681,,,,,,,,,,,,,,,,,
1006976,3.92866,No,No,No,No,Yes,No,No,No,Yes,No,No,Yes,No,"CIII], optical lines",CIII]+several optical emission lines [OII]4363,https://fenrir.as.arizona.edu/diver/DIVER/grating_plots/spectrum_plot_1006976.png,https://jades.idies.jhu.edu/goods-n/goodsn_eazy_seds_v10e1/1006976_EAZY_SED.png
1007034,7.015,No,Yes,No,No,No,No,No,No,No,No,No,No,No,LyA,Lya,https://fenrir.as.arizona.edu/diver/DIVER/grating_plots/spectrum_plot_1007034.png,https://jades.idies.jhu.edu/goods-n/goodsn_eazy_seds_v10e1/1007034_EAZY_SED.png
1007133,3.861,,,,,,,,,,,,,,,,,
1007163,4.065,,,,,,,,,,,,,,,,,
1007230,3.85256,No,No,No,No,Yes,No,No,No,Yes,No,No,Yes,No,"CIII], optical lines",CIII]+several optical emission lines [OII]4363,https://fenrir.as.arizona.edu/diver/DIVER/grating_plots/spectrum_plot_1007230.png,https://jades.idies.jhu.edu/goods-n/goodsn_eazy_seds_v10e1/1007230_EAZY_SED.png
1007878,4.40378,No,No,No,No,No,No,No,No,Yes,No,No,No,No,,[OII]?,https://fenrir.as.arizona.edu/diver/DIVER/grating_plots/spectrum_plot_1007878.png,https://jades.idies.jhu.edu/goods-n/goodsn_eazy_seds_v10e1/1007878_EAZY_SED.png
1008004,4.6809,No,No,No,No,Yes,No,No,No,No,No,No,No,No,CIII],no strong emission,https://fenrir.as.arizona.edu/diver/DIVER/grating_plots/spectrum_plot_1008004.png,https://jades.idies.jhu.edu/goods-n/goodsn_eazy_seds_v10e1/1008004_EAZY_SED.png
1008073,6.565,,,,,,,,,,,,,,,,,
1008075,5.589,,,,,,,,,,,,,,,,,
1008162,4.40423,No,No,No,No,Yes,No,No,No,Yes,No,No,No,No,,CIII]?+OII,https://fenrir.as.arizona.edu/diver/DIVER/grating_plots/spectrum_plot_1008162.png,https://jades.idies.jhu.edu/goods-n/goodsn_eazy_seds_v10e1/1008162_EAZY_SED.png
1008270,7,No,Yes,No,No,No,No,No,No,No,No,No,No,No,,secondary Lya at 1.74 micron?,https://fenrir.as.arizona.edu/diver/DIVER/grating_plots/spectrum_plot_1008270.png,https://jades.idies.jhu.edu/goods-n/goodsn_eazy_seds_v10e1/1008270_EAZY_SED.png
1008411,4.41,Yes,Yes,No,Yes,No,No,No,No,Yes,No,No,No,No,,LRD secondary Lya  O2 CIV?,https://fenrir.as.arizona.edu/diver/DIVER/grating_plots/spectrum_plot_1008411.png,https://jades.idies.jhu.edu/goods-n/goodsn_eazy_seds_v10e1/1008411_EAZY_SED.png
1008580,6.99651,No,No,No,Yes,Yes,Yes,No,No,No,No,No,No,No,"NIV], CIV], CIII]",CIV + CIII,https://fenrir.as.arizona.edu/diver/DIVER/grating_plots/spectrum_plot_1008580.png,https://jades.idies.jhu.edu/goods-n/goodsn_eazy_seds_v10e1/1008580_EAZY_SED.png
1008671,4.41,Yes,No,No,No,No,No,No,No,No,Yes,Yes,No,No,optical lines,LRD Hb+O3,https://fenrir.as.arizona.edu/diver/DIVER/grating_plots/spectrum_plot_1008671.png,https://jades.idies.jhu.edu/goods-n/goodsn_eazy_seds_v10e1/1008671_EAZY_SED.png
1009077,6.7581,No,No,No,No,Yes,No,No,No,No,No,No,No,Yes,"good continuum, stellar absorption",CIII?,https://fenrir.as.arizona.edu/diver/DIVER/grating_plots/spectrum_plot_1009077.png,https://jades.idies.jhu.edu/goods-n/goodsn_eazy_seds_v10e1/1009077_EAZY_SED.png
1009100,5.29833,No,No,Yes,No,Yes,No,No,No,Yes,No,No,No,No,CIII],HeII + CIII]+O2,https://fenrir.as.arizona.edu/diver/DIVER/grating_plots/spectrum_plot_1009100.png,https://jades.idies.jhu.edu/goods-n/goodsn_eazy_seds_v10e1/1009100_EAZY_SED.png
1009220,3.429,,,,,,,,,,,,,,,,,
1009391,3.825,,,,,,,,,,,,,,,,,
1009502,5.77229,No,Yes,Yes,No,Yes,No,No,No,No,No,No,No,No,CIII],Lya HeII +CIII],https://fenrir.as.arizona.edu/diver/DIVER/grating_plots/spectrum_plot_1009502.png,https://jades.idies.jhu.edu/goods-n/goodsn_eazy_seds_v10e1/1009502_EAZY_SED.png
1009631,6.55604,No,No,No,No,No,No,No,No,No,No,No,No,No,,an emission at 1.5 micron in 2D,https://fenrir.as.arizona.edu/diver/DIVER/grating_plots/spectrum_plot_1009631.png,https://jades.idies.jhu.edu/goods-n/goodsn_eazy_seds_v10e1/1009631_EAZY_SED.png
1009692,6.748,No,No,No,No,No,No,No,No,No,No,No,No,No,,contaminated by a bright source need to re-reduce?,https://fenrir.as.arizona.edu/diver/DIVER/grating_plots/spectrum_plot_1009692.png,https://jades.idies.jhu.edu/goods-n/goodsn_eazy_seds_v10e1/1009692_EAZY_SED.png
1009935,4.883755324,No,No,No,No,No,No,No,No,Yes,No,No,No,No,,O2?,https://fenrir.as.arizona.edu/diver/DIVER/grating_plots/spectrum_plot_1009935.png,https://jades.idies.jhu.edu/goods-n/goodsn_eazy_seds_v10e1/1009935_EAZY_SED.png
1010008,7.77788,No,No,No,No,No,No,No,No,No,No,No,No,No,,no strong emission,https://fenrir.as.arizona.edu/diver/DIVER/grating_plots/spectrum_plot_1010008.png,https://jades.idies.jhu.edu/goods-n/goodsn_eazy_seds_v10e1/1010008_EAZY_SED.png
1010132,6.758,No,No,No,No,Yes,No,No,No,No,No,No,No,Yes,good continuum,CIII] double check redshift? emission at 1.2?,https://fenrir.as.arizona.edu/diver/DIVER/grating_plots/spectrum_plot_1010132.png,https://jades.idies.jhu.edu/goods-n/goodsn_eazy_seds_v10e1/1010132_EAZY_SED.png
1010254,4.40856,No,No,No,No,Yes,No,No,No,No,No,No,Yes,No,optical lines,CIII+ optical emission lines  no 4363,https://fenrir.as.arizona.edu/diver/DIVER/grating_plots/spectrum_plot_1010254.png,https://jades.idies.jhu.edu/goods-n/goodsn_eazy_seds_v10e1/1010254_EAZY_SED.png
1010260,8.277809328,No,Yes,Yes,Yes,Yes,Yes,No,No,No,No,No,No,No,"LyA, NIV, CIV, CIII]","beautiful spectra Lya NIV] CIV, HeII, OIII] CIII]  (HeII weak)",https://fenrir.as.arizona.edu/diver/DIVER/grating_plots/spectrum_plot_1010260.png,https://jades.idies.jhu.edu/goods-n/goodsn_eazy_seds_v10e1/1010260_EAZY_SED.png
1010371,5.18834,No,No,Yes,No,No,No,No,No,Yes,No,No,No,No,,HeII? + O2,https://fenrir.as.arizona.edu/diver/DIVER/grating_plots/spectrum_plot_1010371.png,https://jades.idies.jhu.edu/goods-n/goodsn_eazy_seds_v10e1/1010371_EAZY_SED.png
1010386,5.27,,,,,,,,,,,,,,,,,
1010521,4.87583,No,No,No,No,No,No,No,No,No,No,No,No,No,,"noisy, need to look into the reduction",https://fenrir.as.arizona.edu/diver/DIVER/grating_plots/spectrum_plot_1010521.png,https://jades.idies.jhu.edu/goods-n/goodsn_eazy_seds_v10e1/1010521_EAZY_SED.png
1010544,6.993598192,No,No,No,No,No,No,No,No,No,No,No,No,No,,no emission line (galaxy not in slit?),https://fenrir.as.arizona.edu/diver/DIVER/grating_plots/spectrum_plot_1010544.png,https://jades.idies.jhu.edu/goods-n/goodsn_eazy_seds_v10e1/1010544_EAZY_SED.png
1010572,6.99194,No,Yes,No,No,Yes,No,No,No,No,No,No,No,No,"OIII], CIII]",CIII? no Lya,https://fenrir.as.arizona.edu/diver/DIVER/grating_plots/spectrum_plot_1010572.png,https://jades.idies.jhu.edu/goods-n/goodsn_eazy_seds_v10e1/1010572_EAZY_SED.png
1010614,6.05368,No,No,No,No,No,No,No,No,No,No,No,No,No,,no emission line,https://fenrir.as.arizona.edu/diver/DIVER/grating_plots/spectrum_plot_1010614.png,https://jades.idies.jhu.edu/goods-n/goodsn_eazy_seds_v10e1/1010614_EAZY_SED.png
1010769,5.609,No,Yes,No,No,Yes,No,No,No,No,Yes,No,No,No,"LyA, CIII]",Lya + CIII] + O3,https://fenrir.as.arizona.edu/diver/DIVER/grating_plots/spectrum_plot_1010769.png,https://jades.idies.jhu.edu/goods-n/goodsn_eazy_seds_v10e1/1010769_EAZY_SED.png
1010806,6.759964002,No,No,No,No,No,No,No,No,No,No,No,No,No,,no emission line,https://fenrir.as.arizona.edu/diver/DIVER/grating_plots/spectrum_plot_1010806.png,https://jades.idies.jhu.edu/goods-n/goodsn_eazy_seds_v10e1/1010806_EAZY_SED.png
1010816,6.758886643,Yes,Yes,Yes,Yes,Yes,Yes,No,No,Yes,No,No,No,No,"Strong LyA, CIV, HeII, OIII], CIII]","nice spectra Lya + CIV, HeII OII] CIII] + NIV]?",https://fenrir.as.arizona.edu/diver/DIVER/grating_plots/spectrum_plot_1010816.png,https://jades.idies.jhu.edu/goods-n/goodsn_eazy_seds_v10e1/1010816_EAZY_SED.png
1010882,4.29191,No,No,No,No,No,No,No,No,No,Yes,Yes,No,No,optical lines,O3+Hb,https://fenrir.as.arizona.edu/diver/DIVER/grating_plots/spectrum_plot_1010882.png,https://jades.idies.jhu.edu/goods-n/goodsn_eazy_seds_v10e1/1010882_EAZY_SED.png
1011033,5.77574,No,Yes,Yes,Yes,Yes,No,No,No,Yes,No,No,No,No,"LyA, CIV, HeII, CIII]","nice spectra Lya + CIV, HeII OII] CIII]",https://fenrir.as.arizona.edu/diver/DIVER/grating_plots/spectrum_plot_1011033.png,https://jades.idies.jhu.edu/goods-n/goodsn_eazy_seds_v10e1/1011033_EAZY_SED.png
1011508,9.908,No,No,No,No,No,No,No,No,No,No,No,No,No,,something at 2.5mircon in 2d,https://fenrir.as.arizona.edu/diver/DIVER/grating_plots/spectrum_plot_1011508.png,https://jades.idies.jhu.edu/goods-n/goodsn_eazy_seds_v10e1/1011508_EAZY_SED.png
1011601,4.021880175,No,No,No,No,No,No,No,No,Yes,No,No,No,No,,O2+Ne3,https://fenrir.as.arizona.edu/diver/DIVER/grating_plots/spectrum_plot_1011601.png,https://jades.idies.jhu.edu/goods-n/goodsn_eazy_seds_v10e1/1011601_EAZY_SED.png
1011634,4.74972,No,No,No,No,No,No,No,No,Yes,No,No,No,No,,O2,https://fenrir.as.arizona.edu/diver/DIVER/grating_plots/spectrum_plot_1011634.png,https://jades.idies.jhu.edu/goods-n/goodsn_eazy_seds_v10e1/1011634_EAZY_SED.png
1011877,6.309729513,No,Yes,Yes,Yes,Yes,No,No,No,Yes,No,No,No,No,"strong LyA, CIV, HeII, OIII], CIII]","nice spectra Lya + CIV, HeII OII] CIII] + a bit O2",https://fenrir.as.arizona.edu/diver/DIVER/grating_plots/spectrum_plot_1011877.png,https://jades.idies.jhu.edu/goods-n/goodsn_eazy_seds_v10e1/1011877_EAZY_SED.png
1011997,5.12747,No,Yes,No,No,No,No,No,No,No,No,No,No,No,LyA,Lya,https://fenrir.as.arizona.edu/diver/DIVER/grating_plots/spectrum_plot_1011997.png,https://jades.idies.jhu.edu/goods-n/goodsn_eazy_seds_v10e1/1011997_EAZY_SED.png
1012035,5.54561,No,No,No,No,No,No,No,No,No,No,No,No,No,,no strong emission,https://fenrir.as.arizona.edu/diver/DIVER/grating_plots/spectrum_plot_1012035.png,https://jades.idies.jhu.edu/goods-n/goodsn_eazy_seds_v10e1/1012035_EAZY_SED.png
1012114,6.71451,No,No,No,No,No,No,No,No,No,No,No,No,No,,no emission line,https://fenrir.as.arizona.edu/diver/DIVER/grating_plots/spectrum_plot_1012114.png,https://jades.idies.jhu.edu/goods-n/goodsn_eazy_seds_v10e1/1012114_EAZY_SED.png
1012335,4.00115,No,No,No,No,Yes,No,No,No,No,No,No,Yes,No,"CIII], optical lines",CIII+ optical emission lines  no 4363,https://fenrir.as.arizona.edu/diver/DIVER/grating_plots/spectrum_plot_1012335.png,https://jades.idies.jhu.edu/goods-n/goodsn_eazy_seds_v10e1/1012335_EAZY_SED.png
1012359,6.712590954,No,No,No,No,No,No,No,No,No,No,No,No,No,,no emission line,https://fenrir.as.arizona.edu/diver/DIVER/grating_plots/spectrum_plot_1012359.png,https://jades.idies.jhu.edu/goods-n/goodsn_eazy_seds_v10e1/1012359_EAZY_SED.png
1012402,7.18511,No,No,No,No,No,No,No,No,No,No,No,No,No,,no emission line (emission at 1.0 contaminations?),https://fenrir.as.arizona.edu/diver/DIVER/grating_plots/spectrum_plot_1012402.png,https://jades.idies.jhu.edu/goods-n/goodsn_eazy_seds_v10e1/1012402_EAZY_SED.png
1012453,6.02253,No,Yes,No,No,No,No,No,No,No,No,No,No,No,LyA,Lya,https://fenrir.as.arizona.edu/diver/DIVER/grating_plots/spectrum_plot_1012453.png,https://jades.idies.jhu.edu/goods-n/goodsn_eazy_seds_v10e1/1012453_EAZY_SED.png
1012763,4.4606,No,No,No,No,Yes,No,No,No,No,No,No,Yes,No,"CIII], optical lines",CIII+ optical emission lines  with 4363,https://fenrir.as.arizona.edu/diver/DIVER/grating_plots/spectrum_plot_1012763.png,https://jades.idies.jhu.edu/goods-n/goodsn_eazy_seds_v10e1/1012763_EAZY_SED.png
1012808,5.67794,No,Yes,No,No,No,No,No,No,No,No,No,No,No,LyA,Lya,https://fenrir.as.arizona.edu/diver/DIVER/grating_plots/spectrum_plot_1012808.png,https://jades.idies.jhu.edu/goods-n/goodsn_eazy_seds_v10e1/1012808_EAZY_SED.png
1012832,4.69469,No,No,No,No,No,No,No,No,No,Yes,Yes,No,No,,Hb+O3 above the slit (contaminations?),https://fenrir.as.arizona.edu/diver/DIVER/grating_plots/spectrum_plot_1012832.png,https://jades.idies.jhu.edu/goods-n/goodsn_eazy_seds_v10e1/1012832_EAZY_SED.png
1013041,7.089114228,No,Yes,No,Yes,No,No,No,No,No,No,No,No,No,"LYA, CIV",Lya + CIV (not fully in the slit),https://fenrir.as.arizona.edu/diver/DIVER/grating_plots/spectrum_plot_1013041.png,https://jades.idies.jhu.edu/goods-n/goodsn_eazy_seds_v10e1/1013041_EAZY_SED.png
1013089,7.4169,No,No,No,No,No,No,No,No,No,No,No,No,No,,no emission line (not in the slit),https://fenrir.as.arizona.edu/diver/DIVER/grating_plots/spectrum_plot_1013089.png,https://jades.idies.jhu.edu/goods-n/goodsn_eazy_seds_v10e1/1013089_EAZY_SED.png
1013368,5.20674,No,Yes,No,No,No,No,No,No,No,No,No,No,No,,Lya (2nd) no other emission,https://fenrir.as.arizona.edu/diver/DIVER/grating_plots/spectrum_plot_1013368.png,https://jades.idies.jhu.edu/goods-n/goodsn_eazy_seds_v10e1/1013368_EAZY_SED.png
1013410,5.01694,No,No,No,No,Yes,No,No,No,Yes,No,No,No,No,CIII],CIII + O2,https://fenrir.as.arizona.edu/diver/DIVER/grating_plots/spectrum_plot_1013410.png,https://jades.idies.jhu.edu/goods-n/goodsn_eazy_seds_v10e1/1013410_EAZY_SED.png
1013426,5.20791,No,No,No,No,No,No,No,No,No,No,No,No,No,,"noisy, need to look into the reduction",https://fenrir.as.arizona.edu/diver/DIVER/grating_plots/spectrum_plot_1013426.png,https://jades.idies.jhu.edu/goods-n/goodsn_eazy_seds_v10e1/1013426_EAZY_SED.png
1013546,4.71927,No,No,No,No,No,No,No,No,No,Yes,Yes,No,No,,contaminations? O3+Hb,https://fenrir.as.arizona.edu/diver/DIVER/grating_plots/spectrum_plot_1013546.png,https://jades.idies.jhu.edu/goods-n/goodsn_eazy_seds_v10e1/1013546_EAZY_SED.png
1014032,6.75047,No,Yes,No,No,No,No,No,No,No,No,No,No,No,,Lya noisy need to look into the reduction,https://fenrir.as.arizona.edu/diver/DIVER/grating_plots/spectrum_plot_1014032.png,https://jades.idies.jhu.edu/goods-n/goodsn_eazy_seds_v10e1/1014032_EAZY_SED.png
1014444,5.313513502,No,No,No,No,No,No,No,No,No,No,No,No,No,,no emission line (a low redshift bright emission line galaxy happens to fall in the slit,https://fenrir.as.arizona.edu/diver/DIVER/grating_plots/spectrum_plot_1014444.png,https://jades.idies.jhu.edu/goods-n/goodsn_eazy_seds_v10e1/1014444_EAZY_SED.png
1014652,6.04989,No,No,No,No,No,No,No,No,No,No,No,No,No,,"noisy, need to look into the reduction",https://fenrir.as.arizona.edu/diver/DIVER/grating_plots/spectrum_plot_1014652.png,https://jades.idies.jhu.edu/goods-n/goodsn_eazy_seds_v10e1/1014652_EAZY_SED.png
1015254,5.133,,,,,,,,,,,,,,,,,
1015431,3.875,,,,,,,,,,,,,,,,,
1017807,5.19021,No,No,No,No,Yes,No,No,No,Yes,No,No,No,No,CIII],CIII + O2,https://fenrir.as.arizona.edu/diver/DIVER/grating_plots/spectrum_plot_1017807.png,https://jades.idies.jhu.edu/goods-n/goodsn_eazy_seds_v10e1/1017807_EAZY_SED.png
1017999,5.85841,No,Yes,No,Yes,Yes,No,No,No,No,No,No,No,No,"LyA, CIII], CIV]",Lya CIV OIII CIII,https://fenrir.as.arizona.edu/diver/DIVER/grating_plots/spectrum_plot_1017999.png,https://jades.idies.jhu.edu/goods-n/goodsn_eazy_seds_v10e1/1017999_EAZY_SED.png
1018491,4.85793,No,No,No,No,No,No,No,No,No,No,No,No,No,,a lot of contaminations? no emission line,https://fenrir.as.arizona.edu/diver/DIVER/grating_plots/spectrum_plot_1018491.png,https://jades.idies.jhu.edu/goods-n/goodsn_eazy_seds_v10e1/1018491_EAZY_SED.png
1018533,6.666893515,No,No,No,No,No,No,No,No,No,No,No,No,Yes,stellar absorption,no emission line,https://fenrir.as.arizona.edu/diver/DIVER/grating_plots/spectrum_plot_1018533.png,https://jades.idies.jhu.edu/goods-n/goodsn_eazy_seds_v10e1/1018533_EAZY_SED.png
1018536,6.80923,No,Yes,No,Yes,Yes,No,No,No,Yes,No,No,No,No,"LyA, CIII], CIV","Lya CIV, OII] , CIII], O2",https://fenrir.as.arizona.edu/diver/DIVER/grating_plots/spectrum_plot_1018536.png,https://jades.idies.jhu.edu/goods-n/goodsn_eazy_seds_v10e1/1018536_EAZY_SED.png
1018640,6.56345,No,Yes,No,No,No,No,No,No,No,No,No,No,No,LyA,"Lya, NeV?",https://fenrir.as.arizona.edu/diver/DIVER/grating_plots/spectrum_plot_1018640.png,https://jades.idies.jhu.edu/goods-n/goodsn_eazy_seds_v10e1/1018640_EAZY_SED.png
1018651,5.2677,No,No,No,No,No,No,No,No,Yes,No,No,No,No,,O2,https://fenrir.as.arizona.edu/diver/DIVER/grating_plots/spectrum_plot_1018651.png,https://jades.idies.jhu.edu/goods-n/goodsn_eazy_seds_v10e1/1018651_EAZY_SED.png
1018865,7.07387,No,No,No,No,No,No,No,No,No,No,No,No,No,,no emission line (galaxy not in slit?) contamination from low redshift,https://fenrir.as.arizona.edu/diver/DIVER/grating_plots/spectrum_plot_1018865.png,https://jades.idies.jhu.edu/goods-n/goodsn_eazy_seds_v10e1/1018865_EAZY_SED.png
1018899,7.018,No,No,No,No,No,No,No,No,No,No,No,No,No,,no emission line (galaxy not in slit?),https://fenrir.as.arizona.edu/diver/DIVER/grating_plots/spectrum_plot_1018899.png,https://jades.idies.jhu.edu/goods-n/goodsn_eazy_seds_v10e1/1018899_EAZY_SED.png
1018968,7.022452277,No,Yes,No,Yes,No,No,No,No,No,No,No,No,Yes,"good continuum, LyA",bright dotter Lya weak (potential damping wind and high neutral H at 7) CIV,https://fenrir.as.arizona.edu/diver/DIVER/grating_plots/spectrum_plot_1018968.png,https://jades.idies.jhu.edu/goods-n/goodsn_eazy_seds_v10e1/1018968_EAZY_SED.png
1019005,4.47878,No,No,No,No,Yes,No,No,No,No,Yes,Yes,Yes,No,"CIII], optical lines",C3+Hb+O3+4363? (contamination at the lower edge of the slit?),https://fenrir.as.arizona.edu/diver/DIVER/grating_plots/spectrum_plot_1019005.png,https://jades.idies.jhu.edu/goods-n/goodsn_eazy_seds_v10e1/1019005_EAZY_SED.png
1019186,6.71098,No,Yes,Yes,Yes,Yes,No,No,No,No,No,No,No,No,"LyA, CIII], OIII]",Lya + CIV + HeII + OIII] + CIII],https://fenrir.as.arizona.edu/diver/DIVER/grating_plots/spectrum_plot_1019186.png,https://jades.idies.jhu.edu/goods-n/goodsn_eazy_seds_v10e1/1019186_EAZY_SED.png
1019532,4.91602,No,No,No,Yes,Yes,No,No,No,Yes,No,No,No,No,"CIV, CIII]",C3+O2+Ne3,https://fenrir.as.arizona.edu/diver/DIVER/grating_plots/spectrum_plot_1019532.png,https://jades.idies.jhu.edu/goods-n/goodsn_eazy_seds_v10e1/1019532_EAZY_SED.png
1020072,6.72826,No,No,No,No,No,No,No,No,Yes,No,No,No,No,,OII no UV emission (interesting?),https://fenrir.as.arizona.edu/diver/DIVER/grating_plots/spectrum_plot_1020072.png,https://jades.idies.jhu.edu/goods-n/goodsn_eazy_seds_v10e1/1020072_EAZY_SED.png
1020127,3.92489,No,No,No,No,Yes,No,No,Yes,No,No,No,Yes,No,"CIII], MgII, optical lines",OIII] CIII] CII+ optical + 4363 (very interesting),https://fenrir.as.arizona.edu/diver/DIVER/grating_plots/spectrum_plot_1020127.png,https://jades.idies.jhu.edu/goods-n/goodsn_eazy_seds_v10e1/1020127_EAZY_SED.png
1020402,6.55663,No,No,Yes,Yes,No,No,No,No,No,No,No,No,No,,CIV + HeII  + OIII] redshift a bit off,https://fenrir.as.arizona.edu/diver/DIVER/grating_plots/spectrum_plot_1020402.png,https://jades.idies.jhu.edu/goods-n/goodsn_eazy_seds_v10e1/1020402_EAZY_SED.png
1020485,5.273,Yes,Yes,No,No,No,No,No,No,No,No,No,No,No,,AGN only Lya (LRD?),https://fenrir.as.arizona.edu/diver/DIVER/grating_plots/spectrum_plot_1020485.png,https://jades.idies.jhu.edu/goods-n/goodsn_eazy_seds_v10e1/1020485_EAZY_SED.png
1020514,5.36,Yes,Yes,Yes,Yes,Yes,Yes,No,No,No,No,No,No,No,"Strong LyA, NIV, CIV, OIII, CIII], HeII, optical lines","LRD, nice spectra many many UV lines including CIV (UV diagnostics)",https://fenrir.as.arizona.edu/diver/DIVER/grating_plots/spectrum_plot_1020514.png,https://jades.idies.jhu.edu/goods-n/goodsn_eazy_seds_v10e1/1020514_EAZY_SED.png
1020621,4.68123,Yes,Yes,Yes,Yes,Yes,No,No,No,No,No,No,Yes,No,"LyA, CIV, CIII], optical lines","AGN CIV, HeII, OIII] CIII, Delta, 4363",https://fenrir.as.arizona.edu/diver/DIVER/grating_plots/spectrum_plot_1020621.png,https://jades.idies.jhu.edu/goods-n/goodsn_eazy_seds_v10e1/1020621_EAZY_SED.png
1020630,6.7,No,Yes,No,No,Yes,No,No,No,No,No,No,No,No,LyA,"Lya, CIII]",https://fenrir.as.arizona.edu/diver/DIVER/grating_plots/spectrum_plot_1020630.png,https://jades.idies.jhu.edu/goods-n/goodsn_eazy_seds_v10e1/1020630_EAZY_SED.png
1020713,4.887508404,No,No,No,No,No,No,No,No,No,Yes,No,No,No,,O3,https://fenrir.as.arizona.edu/diver/DIVER/grating_plots/spectrum_plot_1020713.png,https://jades.idies.jhu.edu/goods-n/goodsn_eazy_seds_v10e1/1020713_EAZY_SED.png
1020803,6.69866,No,Yes,No,No,Yes,No,No,No,No,No,No,No,No,"LyA, CIII]",Lya,https://fenrir.as.arizona.edu/diver/DIVER/grating_plots/spectrum_plot_1020803.png,https://jades.idies.jhu.edu/goods-n/goodsn_eazy_seds_v10e1/1020803_EAZY_SED.png
1020827,5.29962,No,No,Yes,No,No,No,No,No,No,No,No,No,No,He II,HeII (very interesting) why no other metal lines?,https://fenrir.as.arizona.edu/diver/DIVER/grating_plots/spectrum_plot_1020827.png,https://jades.idies.jhu.edu/goods-n/goodsn_eazy_seds_v10e1/1020827_EAZY_SED.png
1020921,3.93647,No,No,No,No,No,No,No,No,No,Yes,Yes,No,No,Hb+O3,Hb+O3,https://fenrir.as.arizona.edu/diver/DIVER/grating_plots/spectrum_plot_1020921.png,https://jades.idies.jhu.edu/goods-n/goodsn_eazy_seds_v10e1/1020921_EAZY_SED.png
1021201,6.590498931,No,Yes,No,No,Yes,No,No,No,No,No,No,No,No,"LyA, CIII]",week Lya CIII (not in slit),https://fenrir.as.arizona.edu/diver/DIVER/grating_plots/spectrum_plot_1021201.png,https://jades.idies.jhu.edu/goods-n/goodsn_eazy_seds_v10e1/1021201_EAZY_SED.png
1021248,5.480016286,No,No,No,No,No,No,No,No,No,No,No,No,No,,no emission line,https://fenrir.as.arizona.edu/diver/DIVER/grating_plots/spectrum_plot_1021248.png,https://jades.idies.jhu.edu/goods-n/goodsn_eazy_seds_v10e1/1021248_EAZY_SED.png
1021967,4.61573,No,No,No,No,No,No,No,No,No,No,No,No,No,,no emission line,https://fenrir.as.arizona.edu/diver/DIVER/grating_plots/spectrum_plot_1021967.png,https://jades.idies.jhu.edu/goods-n/goodsn_eazy_seds_v10e1/1021967_EAZY_SED.png
1022395,7.0307,No,Yes,Yes,No,Yes,No,No,No,No,No,No,No,No,,HeII?+CIII?+weak Lya,https://fenrir.as.arizona.edu/diver/DIVER/grating_plots/spectrum_plot_1022395.png,https://jades.idies.jhu.edu/goods-n/goodsn_eazy_seds_v10e1/1022395_EAZY_SED.png
1022482,4.323084627,No,No,No,No,Yes,No,No,No,No,No,No,Yes,No,"OIII], CIII], optical lines, weird uv continuum shape",OIII]+CIII]+many optical emission line 4363,https://fenrir.as.arizona.edu/diver/DIVER/grating_plots/spectrum_plot_1022482.png,https://jades.idies.jhu.edu/goods-n/goodsn_eazy_seds_v10e1/1022482_EAZY_SED.png
1022793,6.73376,No,No,No,No,No,No,No,No,No,No,No,No,No,,"noisy, need to look into the reduction",https://fenrir.as.arizona.edu/diver/DIVER/grating_plots/spectrum_plot_1022793.png,https://jades.idies.jhu.edu/goods-n/goodsn_eazy_seds_v10e1/1022793_EAZY_SED.png
1022966,4.533297114,No,No,No,No,Yes,No,No,No,Yes,No,No,No,No,"CIII], optical lines",CIII O2 etc,https://fenrir.as.arizona.edu/diver/DIVER/grating_plots/spectrum_plot_1022966.png,https://jades.idies.jhu.edu/goods-n/goodsn_eazy_seds_v10e1/1022966_EAZY_SED.png
1022983,4.85635,No,Yes,No,No,No,No,No,No,Yes,Yes,Yes,No,No,LyA,Lya (2nd) O2 O3 Hb,https://fenrir.as.arizona.edu/diver/DIVER/grating_plots/spectrum_plot_1022983.png,https://jades.idies.jhu.edu/goods-n/goodsn_eazy_seds_v10e1/1022983_EAZY_SED.png
1023340,5.19377,No,No,Yes,Yes,Yes,No,No,No,Yes,No,No,No,No,"CIV, optical lines",CIV + CIII + HeII a bit misaligned? O2,https://fenrir.as.arizona.edu/diver/DIVER/grating_plots/spectrum_plot_1023340.png,https://jades.idies.jhu.edu/goods-n/goodsn_eazy_seds_v10e1/1023340_EAZY_SED.png
1023355,5.587,Yes,Yes,Yes,Yes,Yes,Yes,No,No,Yes,No,No,No,No,"CIV, HeII, OIII], CIII]",full set of UV emission line w/o NIV] and Lya!!! O2,https://fenrir.as.arizona.edu/diver/DIVER/grating_plots/spectrum_plot_1023355.png,https://jades.idies.jhu.edu/goods-n/goodsn_eazy_seds_v10e1/1023355_EAZY_SED.png
1025485,5.10384,No,No,No,No,Yes,No,No,No,Yes,No,No,No,No,CIII],C3+O2,https://fenrir.as.arizona.edu/diver/DIVER/grating_plots/spectrum_plot_1025485.png,https://jades.idies.jhu.edu/goods-n/goodsn_eazy_seds_v10e1/1025485_EAZY_SED.png
1026481,4.08992,No,No,No,No,No,No,No,No,No,No,No,No,No,,no emission line,https://fenrir.as.arizona.edu/diver/DIVER/grating_plots/spectrum_plot_1026481.png,https://jades.idies.jhu.edu/goods-n/goodsn_eazy_seds_v10e1/1026481_EAZY_SED.png
1026671,5.18291,No,No,No,No,No,No,No,No,No,No,No,No,No,,no emission line (not in the slit?),https://fenrir.as.arizona.edu/diver/DIVER/grating_plots/spectrum_plot_1026671.png,https://jades.idies.jhu.edu/goods-n/goodsn_eazy_seds_v10e1/1026671_EAZY_SED.png
1026832,7.64158,No,Yes,No,No,Yes,No,No,No,No,No,No,No,No,"LyA, CIII]",Lya CIII],https://fenrir.as.arizona.edu/diver/DIVER/grating_plots/spectrum_plot_1026832.png,https://jades.idies.jhu.edu/goods-n/goodsn_eazy_seds_v10e1/1026832_EAZY_SED.png
1027643,4.40098,No,No,No,No,No,No,No,No,Yes,No,No,Yes,No,optical lines,O2 — 4363,https://fenrir.as.arizona.edu/diver/DIVER/grating_plots/spectrum_plot_1027643.png,https://jades.idies.jhu.edu/goods-n/goodsn_eazy_seds_v10e1/1027643_EAZY_SED.png
1027776,5.79773,No,Yes,No,No,No,No,No,No,No,No,No,No,No,LyA,weak Lya,https://fenrir.as.arizona.edu/diver/DIVER/grating_plots/spectrum_plot_1027776.png,https://jades.idies.jhu.edu/goods-n/goodsn_eazy_seds_v10e1/1027776_EAZY_SED.png
1027827,4.40079,No,No,No,No,No,No,No,No,Yes,No,No,No,No,,O2 etc,https://fenrir.as.arizona.edu/diver/DIVER/grating_plots/spectrum_plot_1027827.png,https://jades.idies.jhu.edu/goods-n/goodsn_eazy_seds_v10e1/1027827_EAZY_SED.png
1028229,4.402586935,No,No,No,No,No,No,No,No,Yes,No,No,No,No,,O2 etc,https://fenrir.as.arizona.edu/diver/DIVER/grating_plots/spectrum_plot_1028229.png,https://jades.idies.jhu.edu/goods-n/goodsn_eazy_seds_v10e1/1028229_EAZY_SED.png
1028329,4.4161,No,No,No,No,No,No,No,No,No,No,No,Yes,No,optical lines,many optical emission w/o 4363,https://fenrir.as.arizona.edu/diver/DIVER/grating_plots/spectrum_plot_1028329.png,https://jades.idies.jhu.edu/goods-n/goodsn_eazy_seds_v10e1/1028329_EAZY_SED.png
1028352,4.40711,No,No,No,No,No,No,No,No,No,No,No,Yes,No,,many optical emission w/o 4363,https://fenrir.as.arizona.edu/diver/DIVER/grating_plots/spectrum_plot_1028352.png,https://jades.idies.jhu.edu/goods-n/goodsn_eazy_seds_v10e1/1028352_EAZY_SED.png
1028537,5.124178029,No,No,No,No,No,No,No,No,No,No,No,No,No,,no emission line,https://fenrir.as.arizona.edu/diver/DIVER/grating_plots/spectrum_plot_1028537.png,https://jades.idies.jhu.edu/goods-n/goodsn_eazy_seds_v10e1/1028537_EAZY_SED.png
1028761,6.75797,No,No,No,No,No,Yes,No,No,No,No,No,No,Yes,"continuum, stellar absorption",strong continue (absorption lines) NIV]?,https://fenrir.as.arizona.edu/diver/DIVER/grating_plots/spectrum_plot_1028761.png,https://jades.idies.jhu.edu/goods-n/goodsn_eazy_seds_v10e1/1028761_EAZY_SED.png
1029154,4.17,Yes,No,No,No,No,No,No,No,No,Yes,Yes,No,No,optical lines,LRD Hb+O3,https://fenrir.as.arizona.edu/diver/DIVER/grating_plots/spectrum_plot_1029154.png,https://jades.idies.jhu.edu/goods-n/goodsn_eazy_seds_v10e1/1029154_EAZY_SED.png
1029164,4.405909588,No,No,No,No,No,No,No,No,No,No,No,No,No,,no emission line (not in the slit?),https://fenrir.as.arizona.edu/diver/DIVER/grating_plots/spectrum_plot_1029164.png,https://jades.idies.jhu.edu/goods-n/goodsn_eazy_seds_v10e1/1029164_EAZY_SED.png
1029764,4.170070479,No,No,No,No,Yes,No,No,Yes,No,Yes,No,No,No,CIII],C3+MgII + O3,https://fenrir.as.arizona.edu/diver/DIVER/grating_plots/spectrum_plot_1029764.png,https://jades.idies.jhu.edu/goods-n/goodsn_eazy_seds_v10e1/1029764_EAZY_SED.png
1029889,4.473230597,No,No,No,No,No,No,No,No,No,No,No,No,No,,no emission line,https://fenrir.as.arizona.edu/diver/DIVER/grating_plots/spectrum_plot_1029889.png,https://jades.idies.jhu.edu/goods-n/goodsn_eazy_seds_v10e1/1029889_EAZY_SED.png
1030056,4.42793,No,No,No,No,No,No,No,No,No,No,No,No,No,,no emission line (not in the slit?),https://fenrir.as.arizona.edu/diver/DIVER/grating_plots/spectrum_plot_1030056.png,https://jades.idies.jhu.edu/goods-n/goodsn_eazy_seds_v10e1/1030056_EAZY_SED.png
1030132,5.14272,No,Yes,No,No,No,No,No,No,No,No,No,No,No,"goo continuum, unclear lines",Lya (2nd) no other emission,https://fenrir.as.arizona.edu/diver/DIVER/grating_plots/spectrum_plot_1030132.png,https://jades.idies.jhu.edu/goods-n/goodsn_eazy_seds_v10e1/1030132_EAZY_SED.png
1030362,4.07904,No,No,No,No,No,No,No,No,Yes,Yes,No,No,No,,O2+O3,https://fenrir.as.arizona.edu/diver/DIVER/grating_plots/spectrum_plot_1030362.png,https://jades.idies.jhu.edu/goods-n/goodsn_eazy_seds_v10e1/1030362_EAZY_SED.png
1033152,4.85870925,No,No,No,No,Yes,No,No,No,No,No,No,Yes,No,"CIII], optical lines",C3+optical emission w/o 4363,https://fenrir.as.arizona.edu/diver/DIVER/grating_plots/spectrum_plot_1033152.png,https://jades.idies.jhu.edu/goods-n/goodsn_eazy_seds_v10e1/1033152_EAZY_SED.png
1033320,4.478,Yes,No,No,No,Yes,No,No,No,Yes,No,No,Yes,No,CIII],C3 + O2 — 4363,https://fenrir.as.arizona.edu/diver/DIVER/grating_plots/spectrum_plot_1033320.png,https://jades.idies.jhu.edu/goods-n/goodsn_eazy_seds_v10e1/1033320_EAZY_SED.png
1033333,4.38535,No,No,No,No,No,No,No,No,No,No,No,No,No,,a few emission lines not aligning with the redshift,https://fenrir.as.arizona.edu/diver/DIVER/grating_plots/spectrum_plot_1033333.png,https://jades.idies.jhu.edu/goods-n/goodsn_eazy_seds_v10e1/1033333_EAZY_SED.png
1033394,5.27573,No,Yes,No,Yes,Yes,No,No,No,No,Yes,No,No,No,"LyA, CIV, CIII]",Lya + C4 + O3+ C3,https://fenrir.as.arizona.edu/diver/DIVER/grating_plots/spectrum_plot_1033394.png,https://jades.idies.jhu.edu/goods-n/goodsn_eazy_seds_v10e1/1033394_EAZY_SED.png
1033813,6.00529,No,Yes,No,Yes,Yes,No,No,No,No,No,No,No,No,"strong LyA, CIV, CIII], some unclear lines",Lya + C4 + C3,https://fenrir.as.arizona.edu/diver/DIVER/grating_plots/spectrum_plot_1033813.png,https://jades.idies.jhu.edu/goods-n/goodsn_eazy_seds_v10e1/1033813_EAZY_SED.png
1033818,5.29843,No,No,No,No,No,No,No,No,No,No,No,No,No,,no strong emission,https://fenrir.as.arizona.edu/diver/DIVER/grating_plots/spectrum_plot_1033818.png,https://jades.idies.jhu.edu/goods-n/goodsn_eazy_seds_v10e1/1033818_EAZY_SED.png
1034159,4.822859,No,No,No,No,No,No,No,No,No,No,No,No,No,,no strong emission,https://fenrir.as.arizona.edu/diver/DIVER/grating_plots/spectrum_plot_1034159.png,https://jades.idies.jhu.edu/goods-n/goodsn_eazy_seds_v10e1/1034159_EAZY_SED.png
1034620,5.19,Yes,Yes,No,Yes,Yes,No,No,Yes,No,No,No,No,No,"LyA, CIII], MgII, NII], optical lines","LRD Lya OIII], CIII], O1 — HeII4686 nice spectra (CIV need to re-reduced)",https://fenrir.as.arizona.edu/diver/DIVER/grating_plots/spectrum_plot_1034620.png,https://jades.idies.jhu.edu/goods-n/goodsn_eazy_seds_v10e1/1034620_EAZY_SED.png
1034762,7.040499345,No,No,No,No,Yes,No,No,No,No,No,No,No,No,"continuum, CIII]",weak CIII] no other lines,https://fenrir.as.arizona.edu/diver/DIVER/grating_plots/spectrum_plot_1034762.png,https://jades.idies.jhu.edu/goods-n/goodsn_eazy_seds_v10e1/1034762_EAZY_SED.png
1035188,4.532571384,No,No,No,No,Yes,No,No,No,Yes,No,No,Yes,No,"CIII], optical lines",CIII + O2 to 4363,https://fenrir.as.arizona.edu/diver/DIVER/grating_plots/spectrum_plot_1035188.png,https://jades.idies.jhu.edu/goods-n/goodsn_eazy_seds_v10e1/1035188_EAZY_SED.png
1035191,7.49764,No,Yes,Yes,Yes,No,No,No,No,No,No,No,No,Yes,"good continuum, CIV, HeII, OIII], NIII]","nice spectra (Lya damping wing, CIV, HeII, OIII])",https://fenrir.as.arizona.edu/diver/DIVER/grating_plots/spectrum_plot_1035191.png,https://jades.idies.jhu.edu/goods-n/goodsn_eazy_seds_v10e1/1035191_EAZY_SED.png
1035334,4.3789,No,Yes,No,No,Yes,No,No,No,Yes,Yes,No,Yes,No,"LyA, CIII], optical lines",C3 + O2 - O3 with 4363,https://fenrir.as.arizona.edu/diver/DIVER/grating_plots/spectrum_plot_1035334.png,https://jades.idies.jhu.edu/goods-n/goodsn_eazy_seds_v10e1/1035334_EAZY_SED.png
1035339,5.272090371,No,Yes,No,No,No,Yes,No,No,Yes,No,No,No,No,"NIV], optical lines",weak Lya O2,https://fenrir.as.arizona.edu/diver/DIVER/grating_plots/spectrum_plot_1035339.png,https://jades.idies.jhu.edu/goods-n/goodsn_eazy_seds_v10e1/1035339_EAZY_SED.png
1035355,5.23957,No,No,No,No,No,No,No,No,No,No,No,Yes,No,,contaminations lower slit (optical emission w/ 4363),https://fenrir.as.arizona.edu/diver/DIVER/grating_plots/spectrum_plot_1035355.png,https://jades.idies.jhu.edu/goods-n/goodsn_eazy_seds_v10e1/1035355_EAZY_SED.png
1035508,5.18991,No,Yes,No,No,No,No,No,No,Yes,No,No,No,No,,Lya absorption + O2,https://fenrir.as.arizona.edu/diver/DIVER/grating_plots/spectrum_plot_1035508.png,https://jades.idies.jhu.edu/goods-n/goodsn_eazy_seds_v10e1/1035508_EAZY_SED.png
1054165,8.65428476,No,No,No,No,No,No,No,No,No,No,No,No,No,,no emission line,https://fenrir.as.arizona.edu/diver/DIVER/grating_plots/spectrum_plot_1054165.png,https://jades.idies.jhu.edu/goods-n/goodsn_eazy_seds_v10e1/1054165_EAZY_SED.png
1054261,5.60168,No,Yes,No,Yes,Yes,No,No,No,No,No,No,No,No,"LyA, OIII],CIII]",Lya + CIV] OIII] + CIII] noisy?,https://fenrir.as.arizona.edu/diver/DIVER/grating_plots/spectrum_plot_1054261.png,https://jades.idies.jhu.edu/goods-n/goodsn_eazy_seds_v10e1/1054261_EAZY_SED.png
1054337,6.54747,No,No,No,No,No,No,No,No,No,No,No,No,No,,no emission line (not in the slit?),https://fenrir.as.arizona.edu/diver/DIVER/grating_plots/spectrum_plot_1054337.png,https://jades.idies.jhu.edu/goods-n/goodsn_eazy_seds_v10e1/1054337_EAZY_SED.png
1054345,5.87755,No,No,No,No,No,No,No,No,No,No,No,No,No,,no emission line,https://fenrir.as.arizona.edu/diver/DIVER/grating_plots/spectrum_plot_1054345.png,https://jades.idies.jhu.edu/goods-n/goodsn_eazy_seds_v10e1/1054345_EAZY_SED.png
1054834,5.77782,No,No,No,No,No,No,No,No,No,No,No,No,No,,no emission line,https://fenrir.as.arizona.edu/diver/DIVER/grating_plots/spectrum_plot_1054834.png,https://jades.idies.jhu.edu/goods-n/goodsn_eazy_seds_v10e1/1054834_EAZY_SED.png
1054885,4.45462,No,No,No,No,No,No,No,Yes,Yes,No,No,No,Yes,good continuum source; stellar/Balmer absorption,O2 plenty of continuum (mgII absorption),https://fenrir.as.arizona.edu/diver/DIVER/grating_plots/spectrum_plot_1054885.png,https://jades.idies.jhu.edu/goods-n/goodsn_eazy_seds_v10e1/1054885_EAZY_SED.png
1055757,9.742106687,No,Yes,Yes,No,No,No,No,No,No,No,No,No,No,LyA at z=9.7?,weak Lya HeII?,https://fenrir.as.arizona.edu/diver/DIVER/grating_plots/spectrum_plot_1055757.png,https://jades.idies.jhu.edu/goods-n/goodsn_eazy_seds_v10e1/1055757_EAZY_SED.png
1055906,5.97187,No,No,No,No,Yes,No,No,No,No,No,No,No,No,CIII],no strong emission,https://fenrir.as.arizona.edu/diver/DIVER/grating_plots/spectrum_plot_1055906.png,https://jades.idies.jhu.edu/goods-n/goodsn_eazy_seds_v10e1/1055906_EAZY_SED.png
1055925,6.76409,No,No,No,No,No,No,No,No,No,No,No,No,No,,no emission line (not in the slit?),https://fenrir.as.arizona.edu/diver/DIVER/grating_plots/spectrum_plot_1055925.png,https://jades.idies.jhu.edu/goods-n/goodsn_eazy_seds_v10e1/1055925_EAZY_SED.png
1055988,5.17969,No,No,No,No,Yes,No,No,No,Yes,No,No,No,No,CIII],C3? + O2,https://fenrir.as.arizona.edu/diver/DIVER/grating_plots/spectrum_plot_1055988.png,https://jades.idies.jhu.edu/goods-n/goodsn_eazy_seds_v10e1/1055988_EAZY_SED.png
1055991,4.95345,No,Yes,No,No,Yes,No,No,No,Yes,No,No,No,No,CIII],Lya (2nd) C3 + O2 Ne3,https://fenrir.as.arizona.edu/diver/DIVER/grating_plots/spectrum_plot_1055991.png,https://jades.idies.jhu.edu/goods-n/goodsn_eazy_seds_v10e1/1055991_EAZY_SED.png
1056368,6.556,No,No,Yes,No,No,No,No,No,No,No,No,No,No,,HeII?,https://fenrir.as.arizona.edu/diver/DIVER/grating_plots/spectrum_plot_1056368.png,https://jades.idies.jhu.edu/goods-n/goodsn_eazy_seds_v10e1/1056368_EAZY_SED.png
1056537,4.21054,No,No,No,No,Yes,No,No,No,Yes,Yes,No,Yes,No,"optical lines, CIII]",C3 + O2 to O3 w/ 4363,https://fenrir.as.arizona.edu/diver/DIVER/grating_plots/spectrum_plot_1056537.png,https://jades.idies.jhu.edu/goods-n/goodsn_eazy_seds_v10e1/1056537_EAZY_SED.png
1056618,5.18607,No,No,No,No,Yes,No,No,No,No,No,No,No,No,CIII],no strong emission,https://fenrir.as.arizona.edu/diver/DIVER/grating_plots/spectrum_plot_1056618.png,https://jades.idies.jhu.edu/goods-n/goodsn_eazy_seds_v10e1/1056618_EAZY_SED.png
1056643,5.02272,No,No,No,No,No,No,No,No,Yes,No,No,No,No,,O2,https://fenrir.as.arizona.edu/diver/DIVER/grating_plots/spectrum_plot_1056643.png,https://jades.idies.jhu.edu/goods-n/goodsn_eazy_seds_v10e1/1056643_EAZY_SED.png
1056678,5.04401,No,No,No,No,No,No,No,No,Yes,No,No,No,No,,O2 Ne3,https://fenrir.as.arizona.edu/diver/DIVER/grating_plots/spectrum_plot_1056678.png,https://jades.idies.jhu.edu/goods-n/goodsn_eazy_seds_v10e1/1056678_EAZY_SED.png
1057185,4.65223,No,No,No,No,Yes,No,No,No,Yes,No,No,No,No,CIII],C3 O2,https://fenrir.as.arizona.edu/diver/DIVER/grating_plots/spectrum_plot_1057185.png,https://jades.idies.jhu.edu/goods-n/goodsn_eazy_seds_v10e1/1057185_EAZY_SED.png
1057330,6.54268,No,Yes,No,No,Yes,No,No,No,No,No,No,No,No,CIII],no Lya continuum (absorptions) CIII (lya(2nd) contaminations?),https://fenrir.as.arizona.edu/diver/DIVER/grating_plots/spectrum_plot_1057330.png,https://jades.idies.jhu.edu/goods-n/goodsn_eazy_seds_v10e1/1057330_EAZY_SED.png
1057629,5.21411,No,Yes,Yes,Yes,Yes,No,No,No,No,No,No,No,No,"LyA, CIV","Lya CIV, HeII OIII] , CIII]",https://fenrir.as.arizona.edu/diver/DIVER/grating_plots/spectrum_plot_1057629.png,https://jades.idies.jhu.edu/goods-n/goodsn_eazy_seds_v10e1/1057629_EAZY_SED.png
1058441,5.966401258,No,Yes,Yes,Yes,Yes,No,No,No,Yes,No,No,No,No,"LyA, CIV], OIII], CIII], optical lines","Lya CIV, HeII OIII] , CIII] + O2, Ne3 etc",https://fenrir.as.arizona.edu/diver/DIVER/grating_plots/spectrum_plot_1058441.png,https://jades.idies.jhu.edu/goods-n/goodsn_eazy_seds_v10e1/1058441_EAZY_SED.png
1058458,4.955838204,No,No,No,No,No,No,No,No,No,No,No,No,No,,no emission line,https://fenrir.as.arizona.edu/diver/DIVER/grating_plots/spectrum_plot_1058458.png,https://jades.idies.jhu.edu/goods-n/goodsn_eazy_seds_v10e1/1058458_EAZY_SED.png
1058561,6.547082611,No,No,No,No,Yes,No,No,No,No,No,No,No,No,CIII],CIII (many emissions due to the contaminations from  low part of the slit),https://fenrir.as.arizona.edu/diver/DIVER/grating_plots/spectrum_plot_1058561.png,https://jades.idies.jhu.edu/goods-n/goodsn_eazy_seds_v10e1/1058561_EAZY_SED.png
1058667,5.2272,No,No,No,No,No,No,No,No,No,No,No,No,No,,no emission line,https://fenrir.as.arizona.edu/diver/DIVER/grating_plots/spectrum_plot_1058667.png,https://jades.idies.jhu.edu/goods-n/goodsn_eazy_seds_v10e1/1058667_EAZY_SED.png
1058711,5.21971763,No,No,No,No,No,No,No,No,No,No,No,No,No,,bad sky subtraction no strong emission line,https://fenrir.as.arizona.edu/diver/DIVER/grating_plots/spectrum_plot_1058711.png,https://jades.idies.jhu.edu/goods-n/goodsn_eazy_seds_v10e1/1058711_EAZY_SED.png
1059156,5.218475825,No,No,No,No,No,No,No,No,Yes,No,No,No,No,need improve reduction,O2 (strong continuum due to the contamination from the upper part of the slit),https://fenrir.as.arizona.edu/diver/DIVER/grating_plots/spectrum_plot_1059156.png,https://jades.idies.jhu.edu/goods-n/goodsn_eazy_seds_v10e1/1059156_EAZY_SED.png
1059349,5.09025,No,Yes,No,No,No,No,No,No,No,No,No,No,No,LyA,Lya(2nd),https://fenrir.as.arizona.edu/diver/DIVER/grating_plots/spectrum_plot_1059349.png,https://jades.idies.jhu.edu/goods-n/goodsn_eazy_seds_v10e1/1059349_EAZY_SED.png
1059427,5.60223,No,Yes,No,No,No,No,No,No,No,No,No,No,No,,Lya(2nd),https://fenrir.as.arizona.edu/diver/DIVER/grating_plots/spectrum_plot_1059427.png,https://jades.idies.jhu.edu/goods-n/goodsn_eazy_seds_v10e1/1059427_EAZY_SED.png
1059711,7.55319,No,Yes,No,Yes,No,No,No,No,No,No,No,No,No,LyA at z=9.9 or others' line?,CIV? probably due to contamination,https://fenrir.as.arizona.edu/diver/DIVER/grating_plots/spectrum_plot_1059711.png,https://jades.idies.jhu.edu/goods-n/goodsn_eazy_seds_v10e1/1059711_EAZY_SED.png
1059720,9.633349,No,No,No,No,No,No,No,No,No,No,No,No,No,,no emission line,https://fenrir.as.arizona.edu/diver/DIVER/grating_plots/spectrum_plot_1059720.png,https://jades.idies.jhu.edu/goods-n/goodsn_eazy_seds_v10e1/1059720_EAZY_SED.png
1059725,6.29303,No,No,No,No,No,No,No,No,No,No,No,No,No,,no emission line,https://fenrir.as.arizona.edu/diver/DIVER/grating_plots/spectrum_plot_1059725.png,https://jades.idies.jhu.edu/goods-n/goodsn_eazy_seds_v10e1/1059725_EAZY_SED.png
1059734,6.547631225,No,No,No,No,No,No,No,No,No,No,No,No,No,,no emission line,https://fenrir.as.arizona.edu/diver/DIVER/grating_plots/spectrum_plot_1059734.png,https://jades.idies.jhu.edu/goods-n/goodsn_eazy_seds_v10e1/1059734_EAZY_SED.png
1060083,5.30881,No,No,No,No,Yes,No,No,No,Yes,No,No,No,Yes,good continuum; CIII]; optical lines,O2 Ne3 Strong continuum (absorption?),https://fenrir.as.arizona.edu/diver/DIVER/grating_plots/spectrum_plot_1060083.png,https://jades.idies.jhu.edu/goods-n/goodsn_eazy_seds_v10e1/1060083_EAZY_SED.png
1060331,7.430927616,No,Yes,Yes,No,No,No,No,No,No,No,No,No,No,"LyA, HeII",Lya (a few lines due to contaminations),https://fenrir.as.arizona.edu/diver/DIVER/grating_plots/spectrum_plot_1060331.png,https://jades.idies.jhu.edu/goods-n/goodsn_eazy_seds_v10e1/1060331_EAZY_SED.png
1060436,4.617635111,No,No,No,No,No,No,No,No,No,No,No,No,No,,no emission line,https://fenrir.as.arizona.edu/diver/DIVER/grating_plots/spectrum_plot_1060436.png,https://jades.idies.jhu.edu/goods-n/goodsn_eazy_seds_v10e1/1060436_EAZY_SED.png
1060534,5.42778,No,Yes,Yes,No,Yes,No,No,No,No,No,No,No,No,"HeII, CIII]",Lya C3,https://fenrir.as.arizona.edu/diver/DIVER/grating_plots/spectrum_plot_1060534.png,https://jades.idies.jhu.edu/goods-n/goodsn_eazy_seds_v10e1/1060534_EAZY_SED.png
1060916,4.35396,No,Yes,No,No,Yes,No,No,No,Yes,No,No,Yes,No,"CIII], optical lines",Lya(2nd) + C3 + O2 to 4363,https://fenrir.as.arizona.edu/diver/DIVER/grating_plots/spectrum_plot_1060916.png,https://jades.idies.jhu.edu/goods-n/goodsn_eazy_seds_v10e1/1060916_EAZY_SED.png
1061458,5.06096,No,Yes,No,No,No,No,No,No,Yes,No,No,No,No,,Lya(2nd) + O2,https://fenrir.as.arizona.edu/diver/DIVER/grating_plots/spectrum_plot_1061458.png,https://jades.idies.jhu.edu/goods-n/goodsn_eazy_seds_v10e1/1061458_EAZY_SED.png
1061712,5.182907785,No,Yes,No,No,No,No,No,No,Yes,No,No,No,No,LyA,Lya(2nd) + O2+Ne3,https://fenrir.as.arizona.edu/diver/DIVER/grating_plots/spectrum_plot_1061712.png,https://jades.idies.jhu.edu/goods-n/goodsn_eazy_seds_v10e1/1061712_EAZY_SED.png
1061764,5.18562,No,No,No,No,Yes,No,No,No,No,No,No,No,No,CIII],a few emission lines (wrong z),https://fenrir.as.arizona.edu/diver/DIVER/grating_plots/spectrum_plot_1061764.png,https://jades.idies.jhu.edu/goods-n/goodsn_eazy_seds_v10e1/1061764_EAZY_SED.png
1062041,5.182,No,No,No,No,No,No,No,No,No,No,No,No,No,,no emission line,https://fenrir.as.arizona.edu/diver/DIVER/grating_plots/spectrum_plot_1062041.png,https://jades.idies.jhu.edu/goods-n/goodsn_eazy_seds_v10e1/1062041_EAZY_SED.png
1065530,3.98356,No,No,No,No,Yes,No,No,No,Yes,Yes,No,Yes,No,"CIII], optical lines",O2 to O3 w/4363,https://fenrir.as.arizona.edu/diver/DIVER/grating_plots/spectrum_plot_1065530.png,https://jades.idies.jhu.edu/goods-n/goodsn_eazy_seds_v10e1/1065530_EAZY_SED.png
1065644,5.35794,No,No,No,No,Yes,No,No,No,Yes,No,No,No,No,CIII],CIII + O2,https://fenrir.as.arizona.edu/diver/DIVER/grating_plots/spectrum_plot_1065644.png,https://jades.idies.jhu.edu/goods-n/goodsn_eazy_seds_v10e1/1065644_EAZY_SED.png
1065744,5.53589,No,Yes,No,No,Yes,No,No,No,Yes,Yes,No,Yes,No,"LyA, OIII], CIII]",Lya C4 + O3 + C3 + O2 to 4363,https://fenrir.as.arizona.edu/diver/DIVER/grating_plots/spectrum_plot_1065744.png,https://jades.idies.jhu.edu/goods-n/goodsn_eazy_seds_v10e1/1065744_EAZY_SED.png
1065868,5.36172,No,No,No,No,No,No,No,No,Yes,No,No,No,No,,O2,https://fenrir.as.arizona.edu/diver/DIVER/grating_plots/spectrum_plot_1065868.png,https://jades.idies.jhu.edu/goods-n/goodsn_eazy_seds_v10e1/1065868_EAZY_SED.png
1066100,4.763,Yes,Yes,No,No,No,No,No,No,No,No,No,No,No,,Lya(2nd) (not in slit?),https://fenrir.as.arizona.edu/diver/DIVER/grating_plots/spectrum_plot_1066100.png,https://jades.idies.jhu.edu/goods-n/goodsn_eazy_seds_v10e1/1066100_EAZY_SED.png
1066305,5.2862,No,Yes,No,Yes,Yes,No,No,No,No,Yes,No,No,No,"LyA, CIV, OIII], CIII]",Lya C4 + O3 + C3,https://fenrir.as.arizona.edu/diver/DIVER/grating_plots/spectrum_plot_1066305.png,https://jades.idies.jhu.edu/goods-n/goodsn_eazy_seds_v10e1/1066305_EAZY_SED.png
1066336,7.138649047,No,Yes,No,No,No,No,No,No,No,No,No,No,No,LyA,weak Lya,https://fenrir.as.arizona.edu/diver/DIVER/grating_plots/spectrum_plot_1066336.png,https://jades.idies.jhu.edu/goods-n/goodsn_eazy_seds_v10e1/1066336_EAZY_SED.png
1066585,7.13798,No,Yes,No,No,No,No,No,No,No,No,No,No,No,LyA,weak Lya,https://fenrir.as.arizona.edu/diver/DIVER/grating_plots/spectrum_plot_1066585.png,https://jades.idies.jhu.edu/goods-n/goodsn_eazy_seds_v10e1/1066585_EAZY_SED.png
1066915,5.57899,No,Yes,Yes,Yes,Yes,No,No,No,Yes,No,No,No,No,"LyA, CIII]",Lya + CIV + HeII + OIII] + CIII] + O2,https://fenrir.as.arizona.edu/diver/DIVER/grating_plots/spectrum_plot_1066915.png,https://jades.idies.jhu.edu/goods-n/goodsn_eazy_seds_v10e1/1066915_EAZY_SED.png
1067025,5.18148,No,Yes,No,No,Yes,No,No,No,No,No,No,No,No,LyA,Lya(2nd)+C3?,https://fenrir.as.arizona.edu/diver/DIVER/grating_plots/spectrum_plot_1067025.png,https://jades.idies.jhu.edu/goods-n/goodsn_eazy_seds_v10e1/1067025_EAZY_SED.png
1067340,5.13856,No,Yes,No,No,Yes,No,No,No,No,No,No,No,No,CIII],Lya(2nd),https://fenrir.as.arizona.edu/diver/DIVER/grating_plots/spectrum_plot_1067340.png,https://jades.idies.jhu.edu/goods-n/goodsn_eazy_seds_v10e1/1067340_EAZY_SED.png
1077240,4.44662,No,No,No,No,Yes,No,No,No,Yes,No,No,No,No,"optical line, CIII]",C3? + O2 (not in the slit?),https://fenrir.as.arizona.edu/diver/DIVER/grating_plots/spectrum_plot_1077240.png,https://jades.idies.jhu.edu/goods-n/goodsn_eazy_seds_v10e1/1077240_EAZY_SED.png
1077545,4.42351,No,No,Yes,No,Yes,No,No,No,Yes,No,No,Yes,No,"CIII], optical lines",HeII? + OIII]? + O2 to 4363 (strong continuum),https://fenrir.as.arizona.edu/diver/DIVER/grating_plots/spectrum_plot_1077545.png,https://jades.idies.jhu.edu/goods-n/goodsn_eazy_seds_v10e1/1077545_EAZY_SED.png
1077652,,No,No,No,No,No,No,No,No,No,No,No,No,No,,bad reduction?,https://fenrir.as.arizona.edu/diver/DIVER/grating_plots/spectrum_plot_1077652.png,https://jades.idies.jhu.edu/goods-n/goodsn_eazy_seds_v10e1/1077652_EAZY_SED.png
1077854,5.21825,No,No,No,No,Yes,No,No,No,Yes,No,No,No,No,CIII],C3+O2,https://fenrir.as.arizona.edu/diver/DIVER/grating_plots/spectrum_plot_1077854.png,https://jades.idies.jhu.edu/goods-n/goodsn_eazy_seds_v10e1/1077854_EAZY_SED.png
1077864,4.01992,No,No,No,No,Yes,No,No,No,Yes,Yes,No,Yes,No,"CIII], optical lines",C3 + O2 to O3 w/ 4363,https://fenrir.as.arizona.edu/diver/DIVER/grating_plots/spectrum_plot_1077864.png,https://jades.idies.jhu.edu/goods-n/goodsn_eazy_seds_v10e1/1077864_EAZY_SED.png
1077917,5.181916807,No,No,Yes,No,No,No,No,No,No,No,No,No,No,HeII,one emission line w/o aligning with the redshift,https://fenrir.as.arizona.edu/diver/DIVER/grating_plots/spectrum_plot_1077917.png,https://jades.idies.jhu.edu/goods-n/goodsn_eazy_seds_v10e1/1077917_EAZY_SED.png
1078349,5.70542,No,No,No,No,No,No,No,No,Yes,Yes,No,Yes,No,wrong redshift?,wrong redshift  (O2 to O3) 4363 weak,https://fenrir.as.arizona.edu/diver/DIVER/grating_plots/spectrum_plot_1078349.png,https://jades.idies.jhu.edu/goods-n/goodsn_eazy_seds_v10e1/1078349_EAZY_SED.png
1078455,6.54675,No,No,No,No,No,No,No,No,No,No,No,No,No,,no emission line (a lot of contaminations),https://fenrir.as.arizona.edu/diver/DIVER/grating_plots/spectrum_plot_1078455.png,https://jades.idies.jhu.edu/goods-n/goodsn_eazy_seds_v10e1/1078455_EAZY_SED.png
1078691,5.04619,No,No,No,No,No,No,No,No,No,No,No,No,No,,bad reduction?,https://fenrir.as.arizona.edu/diver/DIVER/grating_plots/spectrum_plot_1078691.png,https://jades.idies.jhu.edu/goods-n/goodsn_eazy_seds_v10e1/1078691_EAZY_SED.png
1078692,5.04798,No,No,No,No,No,No,No,No,No,No,No,No,No,,bad reduction?,https://fenrir.as.arizona.edu/diver/DIVER/grating_plots/spectrum_plot_1078692.png,https://jades.idies.jhu.edu/goods-n/goodsn_eazy_seds_v10e1/1078692_EAZY_SED.png
1078727,4.21229,No,No,No,No,Yes,No,No,No,Yes,Yes,No,Yes,No,"CIII], optical lines",redshift a bit wrong (C3 + O2 to O3 w/ 4363),https://fenrir.as.arizona.edu/diver/DIVER/grating_plots/spectrum_plot_1078727.png,https://jades.idies.jhu.edu/goods-n/goodsn_eazy_seds_v10e1/1078727_EAZY_SED.png
1078776,5.17697,No,No,No,No,No,No,No,No,Yes,No,No,No,No,,O2,https://fenrir.as.arizona.edu/diver/DIVER/grating_plots/spectrum_plot_1078776.png,https://jades.idies.jhu.edu/goods-n/goodsn_eazy_seds_v10e1/1078776_EAZY_SED.png
1078891,,No,No,No,No,No,No,No,No,No,Yes,No,No,No,,O3,https://fenrir.as.arizona.edu/diver/DIVER/grating_plots/spectrum_plot_1078891.png,https://jades.idies.jhu.edu/goods-n/goodsn_eazy_seds_v10e1/1078891_EAZY_SED.png
1078930,5.17631,No,Yes,No,No,Yes,No,No,No,No,No,No,No,No,"LyA, CIII]",Lya + C3,https://fenrir.as.arizona.edu/diver/DIVER/grating_plots/spectrum_plot_1078930.png,https://jades.idies.jhu.edu/goods-n/goodsn_eazy_seds_v10e1/1078930_EAZY_SED.png
1079072,5.79727,No,No,No,No,No,No,No,No,No,No,No,No,No,,no emissions not in the slit?),https://fenrir.as.arizona.edu/diver/DIVER/grating_plots/spectrum_plot_1079072.png,https://jades.idies.jhu.edu/goods-n/goodsn_eazy_seds_v10e1/1079072_EAZY_SED.png
1079313,5.231,No,No,No,No,Yes,No,No,No,Yes,No,No,No,No,CIII],O2,https://fenrir.as.arizona.edu/diver/DIVER/grating_plots/spectrum_plot_1079313.png,https://jades.idies.jhu.edu/goods-n/goodsn_eazy_seds_v10e1/1079313_EAZY_SED.png
1079349,5.181003805,No,No,No,No,Yes,No,No,No,Yes,No,No,No,No,CIII],O2,https://fenrir.as.arizona.edu/diver/DIVER/grating_plots/spectrum_plot_1079349.png,https://jades.idies.jhu.edu/goods-n/goodsn_eazy_seds_v10e1/1079349_EAZY_SED.png
1079417,5.79257,No,No,No,No,No,No,No,No,No,No,No,No,No,,wrong redshift or contaminations,https://fenrir.as.arizona.edu/diver/DIVER/grating_plots/spectrum_plot_1079417.png,https://jades.idies.jhu.edu/goods-n/goodsn_eazy_seds_v10e1/1079417_EAZY_SED.png
1079502,3.92885,No,No,No,No,Yes,No,No,No,Yes,Yes,No,Yes,No,"CIII], optical lines",O2 to O3 w/o 4363,https://fenrir.as.arizona.edu/diver/DIVER/grating_plots/spectrum_plot_1079502.png,https://jades.idies.jhu.edu/goods-n/goodsn_eazy_seds_v10e1/1079502_EAZY_SED.png
1079520,5.2268,No,No,No,No,Yes,No,No,No,Yes,No,No,Yes,No,"CIII], optical lines",C3 + O2 to He4686 w/ 4363,https://fenrir.as.arizona.edu/diver/DIVER/grating_plots/spectrum_plot_1079520.png,https://jades.idies.jhu.edu/goods-n/goodsn_eazy_seds_v10e1/1079520_EAZY_SED.png
1079689,5.22362,No,No,No,No,No,No,No,No,Yes,No,No,Yes,No,should improve bkg subtraction,O2 to  Hgamma w/o 4363,https://fenrir.as.arizona.edu/diver/DIVER/grating_plots/spectrum_plot_1079689.png,https://jades.idies.jhu.edu/goods-n/goodsn_eazy_seds_v10e1/1079689_EAZY_SED.png
1079801,4.35006,No,No,No,No,Yes,No,No,No,No,No,No,No,No,CIII],wrong redshift or contaminations,https://fenrir.as.arizona.edu/diver/DIVER/grating_plots/spectrum_plot_1079801.png,https://jades.idies.jhu.edu/goods-n/goodsn_eazy_seds_v10e1/1079801_EAZY_SED.png
1079874,5.53395,No,No,No,No,No,No,No,No,No,No,No,No,No,,bad reduction?,https://fenrir.as.arizona.edu/diver/DIVER/grating_plots/spectrum_plot_1079874.png,https://jades.idies.jhu.edu/goods-n/goodsn_eazy_seds_v10e1/1079874_EAZY_SED.png
1080263,4.20439,No,No,No,No,No,No,No,No,Yes,No,No,No,No,,O2,https://fenrir.as.arizona.edu/diver/DIVER/grating_plots/spectrum_plot_1080263.png,https://jades.idies.jhu.edu/goods-n/goodsn_eazy_seds_v10e1/1080263_EAZY_SED.png
1080381,4.61265,No,Yes,No,No,No,No,No,No,Yes,No,No,No,No,optical lines,Lya (2nd)+ O2 Ne3,https://fenrir.as.arizona.edu/diver/DIVER/grating_plots/spectrum_plot_1080381.png,https://jades.idies.jhu.edu/goods-n/goodsn_eazy_seds_v10e1/1080381_EAZY_SED.png
1080391,4.615662816,No,No,No,No,Yes,No,No,No,Yes,No,No,No,No,"CIII], [ArIII]?",ArIII] O2,https://fenrir.as.arizona.edu/diver/DIVER/grating_plots/spectrum_plot_1080391.png,https://jades.idies.jhu.edu/goods-n/goodsn_eazy_seds_v10e1/1080391_EAZY_SED.png
1080541,5.53362,No,No,No,No,Yes,No,No,No,No,No,No,No,No,CIII],C3,https://fenrir.as.arizona.edu/diver/DIVER/grating_plots/spectrum_plot_1080541.png,https://jades.idies.jhu.edu/goods-n/goodsn_eazy_seds_v10e1/1080541_EAZY_SED.png
1080616,5.18119,No,Yes,No,No,No,No,No,No,Yes,No,No,No,No,LyA,O2,https://fenrir.as.arizona.edu/diver/DIVER/grating_plots/spectrum_plot_1080616.png,https://jades.idies.jhu.edu/goods-n/goodsn_eazy_seds_v10e1/1080616_EAZY_SED.png
1080660,4.399019545,No,No,No,No,No,No,No,No,No,No,No,No,No,"optical, Balmer absorption",wrong redshift?,https://fenrir.as.arizona.edu/diver/DIVER/grating_plots/spectrum_plot_1080660.png,https://jades.idies.jhu.edu/goods-n/goodsn_eazy_seds_v10e1/1080660_EAZY_SED.png
1080834,4.15291,No,No,Yes,No,Yes,No,No,No,Yes,Yes,No,Yes,No,"CIII], He II",C3 + O2 to O3 w/ 4363,https://fenrir.as.arizona.edu/diver/DIVER/grating_plots/spectrum_plot_1080834.png,https://jades.idies.jhu.edu/goods-n/goodsn_eazy_seds_v10e1/1080834_EAZY_SED.png
1080875,5.18516,No,No,No,No,No,No,No,No,Yes,No,No,No,No,,O2,https://fenrir.as.arizona.edu/diver/DIVER/grating_plots/spectrum_plot_1080875.png,https://jades.idies.jhu.edu/goods-n/goodsn_eazy_seds_v10e1/1080875_EAZY_SED.png
1081055,4.61137,No,No,No,No,No,No,No,No,Yes,Yes,No,Yes,No,,O2 to O3 w/4363,https://fenrir.as.arizona.edu/diver/DIVER/grating_plots/spectrum_plot_1081055.png,https://jades.idies.jhu.edu/goods-n/goodsn_eazy_seds_v10e1/1081055_EAZY_SED.png
1081110,5.1196,No,No,No,No,No,No,No,No,No,No,No,No,No,,no emission line,https://fenrir.as.arizona.edu/diver/DIVER/grating_plots/spectrum_plot_1081110.png,https://jades.idies.jhu.edu/goods-n/goodsn_eazy_seds_v10e1/1081110_EAZY_SED.png
1081133,5.21948,No,No,No,No,No,No,No,No,No,No,No,No,No,,no emission line,https://fenrir.as.arizona.edu/diver/DIVER/grating_plots/spectrum_plot_1081133.png,https://jades.idies.jhu.edu/goods-n/goodsn_eazy_seds_v10e1/1081133_EAZY_SED.png
1081143,7.017,No,Yes,No,No,No,No,No,No,No,No,No,No,No,,lya(2nd) + OIII]?,https://fenrir.as.arizona.edu/diver/DIVER/grating_plots/spectrum_plot_1081143.png,https://jades.idies.jhu.edu/goods-n/goodsn_eazy_seds_v10e1/1081143_EAZY_SED.png
1082359,5.19168,No,No,No,No,No,No,No,No,Yes,No,No,No,No,,O2,https://fenrir.as.arizona.edu/diver/DIVER/grating_plots/spectrum_plot_1082359.png,https://jades.idies.jhu.edu/goods-n/goodsn_eazy_seds_v10e1/1082359_EAZY_SED.png
1082668,4.42709,No,No,No,No,No,No,No,No,Yes,No,No,No,No,OII,O2 (contamination at the lower part of the slit),https://fenrir.as.arizona.edu/diver/DIVER/grating_plots/spectrum_plot_1082668.png,https://jades.idies.jhu.edu/goods-n/goodsn_eazy_seds_v10e1/1082668_EAZY_SED.png
1082774,5.35515,No,No,No,No,No,No,No,No,No,No,No,No,No,,no emission line,https://fenrir.as.arizona.edu/diver/DIVER/grating_plots/spectrum_plot_1082774.png,https://jades.idies.jhu.edu/goods-n/goodsn_eazy_seds_v10e1/1082774_EAZY_SED.png
1082830,5.795283168,No,Yes,No,No,Yes,No,No,No,Yes,No,No,No,No,CIII],O2 continuum no Lya absorption?,https://fenrir.as.arizona.edu/diver/DIVER/grating_plots/spectrum_plot_1082830.png,https://jades.idies.jhu.edu/goods-n/goodsn_eazy_seds_v10e1/1082830_EAZY_SED.png
1082961,5.09479,No,No,No,No,No,No,No,No,No,No,No,No,No,,bad reduction? contaminations,https://fenrir.as.arizona.edu/diver/DIVER/grating_plots/spectrum_plot_1082961.png,https://jades.idies.jhu.edu/goods-n/goodsn_eazy_seds_v10e1/1082961_EAZY_SED.png
1083229,,No,No,No,No,No,No,No,No,No,No,No,No,No,,no emission line,https://fenrir.as.arizona.edu/diver/DIVER/grating_plots/spectrum_plot_1083229.png,https://jades.idies.jhu.edu/goods-n/goodsn_eazy_seds_v10e1/1083229_EAZY_SED.png
1086781,6.4489,No,No,No,No,No,No,No,No,No,No,No,No,No,wrong specz?,wrong redshift or contaminations,https://fenrir.as.arizona.edu/diver/DIVER/grating_plots/spectrum_plot_1086781.png,https://jades.idies.jhu.edu/goods-n/goodsn_eazy_seds_v10e1/1086781_EAZY_SED.png
1086784,4.41,Yes,No,No,No,No,No,No,No,No,Yes,Yes,No,No,broad Hb,O3+Hb (contaminations),https://fenrir.as.arizona.edu/diver/DIVER/grating_plots/spectrum_plot_1086784.png,https://jades.idies.jhu.edu/goods-n/goodsn_eazy_seds_v10e1/1086784_EAZY_SED.png
1086835,4.40144,No,No,No,No,No,No,No,No,No,Yes,Yes,No,No,,Hb+O3,https://fenrir.as.arizona.edu/diver/DIVER/grating_plots/spectrum_plot_1086835.png,https://jades.idies.jhu.edu/goods-n/goodsn_eazy_seds_v10e1/1086835_EAZY_SED.png
1086855,4.41,Yes,No,No,Yes,Yes,No,No,No,Yes,No,Yes,Yes,No,"CIV, CIII], broad Hb","LRD CIII], OIII] no O2 Ne3 to Hb w/ 4363",https://fenrir.as.arizona.edu/diver/DIVER/grating_plots/spectrum_plot_1086855.png,https://jades.idies.jhu.edu/goods-n/goodsn_eazy_seds_v10e1/1086855_EAZY_SED.png
1087148,4.38276,No,No,No,No,Yes,No,No,No,No,No,No,Yes,No,"OIII], CIII], optical lines",OIII]+CIII]+many optical emission line 4363,https://fenrir.as.arizona.edu/diver/DIVER/grating_plots/spectrum_plot_1087148.png,https://jades.idies.jhu.edu/goods-n/goodsn_eazy_seds_v10e1/1087148_EAZY_SED.png
1087388,5.54,Yes,Yes,No,Yes,Yes,Yes,No,No,No,No,No,No,No,"LyA, NIV, CIV, OIII], CIII], optical lines",AGN nice spectra with many UV and optical lines,https://fenrir.as.arizona.edu/diver/DIVER/grating_plots/spectrum_plot_1087388.png,https://jades.idies.jhu.edu/goods-n/goodsn_eazy_seds_v10e1/1087388_EAZY_SED.png
1087572,5.18998,No,No,No,No,Yes,No,No,No,Yes,No,No,No,No,CIII],C3 + O2 to Hgamma,https://fenrir.as.arizona.edu/diver/DIVER/grating_plots/spectrum_plot_1087572.png,https://jades.idies.jhu.edu/goods-n/goodsn_eazy_seds_v10e1/1087572_EAZY_SED.png
1087596,4.408249648,No,No,No,No,Yes,No,No,No,Yes,Yes,No,Yes,No,"CIII], optical lines",O2 to O3 w/4363,https://fenrir.as.arizona.edu/diver/DIVER/grating_plots/spectrum_plot_1087596.png,https://jades.idies.jhu.edu/goods-n/goodsn_eazy_seds_v10e1/1087596_EAZY_SED.png
1087613,5.23507,No,Yes,No,No,No,No,No,No,No,No,No,No,No,LyA,Ly(2nd) and contaminations,https://fenrir.as.arizona.edu/diver/DIVER/grating_plots/spectrum_plot_1087613.png,https://jades.idies.jhu.edu/goods-n/goodsn_eazy_seds_v10e1/1087613_EAZY_SED.png
1087667,5.19762,No,No,No,No,No,No,No,No,Yes,No,No,No,No,,O2,https://fenrir.as.arizona.edu/diver/DIVER/grating_plots/spectrum_plot_1087667.png,https://jades.idies.jhu.edu/goods-n/goodsn_eazy_seds_v10e1/1087667_EAZY_SED.png
1087730,5.27848,No,Yes,No,No,Yes,No,No,No,Yes,No,No,Yes,No,LyA,Lya C4 + C3 + O2 to 4363,https://fenrir.as.arizona.edu/diver/DIVER/grating_plots/spectrum_plot_1087730.png,https://jades.idies.jhu.edu/goods-n/goodsn_eazy_seds_v10e1/1087730_EAZY_SED.png
1088086,4.41468,No,No,Yes,No,Yes,Yes,No,No,Yes,No,No,Yes,No,"NIV], HeII, CIII], optical lines",C3 + o2 to 4363 (bright continuum),https://fenrir.as.arizona.edu/diver/DIVER/grating_plots/spectrum_plot_1088086.png,https://jades.idies.jhu.edu/goods-n/goodsn_eazy_seds_v10e1/1088086_EAZY_SED.png
1088220,5.279,No,No,No,Yes,Yes,No,No,No,Yes,No,No,No,No,CIV,C3 + O2,https://fenrir.as.arizona.edu/diver/DIVER/grating_plots/spectrum_plot_1088220.png,https://jades.idies.jhu.edu/goods-n/goodsn_eazy_seds_v10e1/1088220_EAZY_SED.png
1088503,5.421961585,No,No,No,No,Yes,No,No,No,Yes,No,No,No,No,CIII],O2 (contamination at the upper part of the slit),https://fenrir.as.arizona.edu/diver/DIVER/grating_plots/spectrum_plot_1088503.png,https://jades.idies.jhu.edu/goods-n/goodsn_eazy_seds_v10e1/1088503_EAZY_SED.png
1088610,5.32377,No,Yes,No,No,No,No,No,No,No,No,No,No,No,,Lya?,https://fenrir.as.arizona.edu/diver/DIVER/grating_plots/spectrum_plot_1088610.png,https://jades.idies.jhu.edu/goods-n/goodsn_eazy_seds_v10e1/1088610_EAZY_SED.png
1088779,5.86303,No,No,No,No,No,No,No,No,Yes,No,No,No,No,,O2,https://fenrir.as.arizona.edu/diver/DIVER/grating_plots/spectrum_plot_1088779.png,https://jades.idies.jhu.edu/goods-n/goodsn_eazy_seds_v10e1/1088779_EAZY_SED.png
1089452,6.7154,No,No,No,No,Yes,No,No,No,Yes,No,No,No,Yes,good continuum; CIII],OIII]? + C2 + O2+Ne3 (bright continuum absorption),https://fenrir.as.arizona.edu/diver/DIVER/grating_plots/spectrum_plot_1089452.png,https://jades.idies.jhu.edu/goods-n/goodsn_eazy_seds_v10e1/1089452_EAZY_SED.png
1089540,7.613,No,Yes,No,Yes,No,No,No,No,No,No,No,No,No,"LyA, CIV",Lya + CIV,https://fenrir.as.arizona.edu/diver/DIVER/grating_plots/spectrum_plot_1089540.png,https://jades.idies.jhu.edu/goods-n/goodsn_eazy_seds_v10e1/1089540_EAZY_SED.png
1089616,5.32506,No,No,No,No,No,No,No,No,No,No,No,No,No,,bad reduction?,https://fenrir.as.arizona.edu/diver/DIVER/grating_plots/spectrum_plot_1089616.png,https://jades.idies.jhu.edu/goods-n/goodsn_eazy_seds_v10e1/1089616_EAZY_SED.png
1089666,5.677559475,No,Yes,No,No,No,No,No,No,No,No,No,No,No,LyA,no emission line,https://fenrir.as.arizona.edu/diver/DIVER/grating_plots/spectrum_plot_1089666.png,https://jades.idies.jhu.edu/goods-n/goodsn_eazy_seds_v10e1/1089666_EAZY_SED.png
1093846,5.18673,No,No,No,No,Yes,No,No,No,Yes,No,No,No,No,CIII],O2,https://fenrir.as.arizona.edu/diver/DIVER/grating_plots/spectrum_plot_1093846.png,https://jades.idies.jhu.edu/goods-n/goodsn_eazy_seds_v10e1/1093846_EAZY_SED.png
1102015,5.148892,No,No,No,No,No,No,No,No,No,No,No,No,No,,no emission line,https://fenrir.as.arizona.edu/diver/DIVER/grating_plots/spectrum_plot_1102015.png,https://jades.idies.jhu.edu/goods-n/goodsn_eazy_seds_v10e1/1102015_EAZY_SED.png
1102614,5.42813,No,No,No,No,No,No,No,No,No,No,No,No,No,,no emission line,https://fenrir.as.arizona.edu/diver/DIVER/grating_plots/spectrum_plot_1102614.png,https://jades.idies.jhu.edu/goods-n/goodsn_eazy_seds_v10e1/1102614_EAZY_SED.png
1102635,5.4212,No,No,No,No,No,No,No,No,No,No,No,No,No,,no emission line,https://fenrir.as.arizona.edu/diver/DIVER/grating_plots/spectrum_plot_1102635.png,https://jades.idies.jhu.edu/goods-n/goodsn_eazy_seds_v10e1/1102635_EAZY_SED.png
1110323,7.53875,No,No,No,No,No,No,No,No,No,No,No,No,No,,no emission line,https://fenrir.as.arizona.edu/diver/DIVER/grating_plots/spectrum_plot_1110323.png,https://jades.idies.jhu.edu/goods-n/goodsn_eazy_seds_v10e1/1110323_EAZY_SED.png
1120664,5.17402,No,No,No,No,No,No,No,No,Yes,No,No,No,No,,O2,https://fenrir.as.arizona.edu/diver/DIVER/grating_plots/spectrum_plot_1120664.png,https://jades.idies.jhu.edu/goods-n/goodsn_eazy_seds_v10e1/1120664_EAZY_SED.png
1120816,4.76158,No,No,No,No,No,No,No,No,No,Yes,Yes,No,No,optical line,O3+Hb,https://fenrir.as.arizona.edu/diver/DIVER/grating_plots/spectrum_plot_1120816.png,https://jades.idies.jhu.edu/goods-n/goodsn_eazy_seds_v10e1/1120816_EAZY_SED.png
1178039,5.646,No,No,No,No,No,No,No,No,No,No,No,No,No,,bad reduction?,https://fenrir.as.arizona.edu/diver/DIVER/grating_plots/spectrum_plot_1178039.png,https://jades.idies.jhu.edu/goods-n/goodsn_eazy_seds_v10e1/1178039_EAZY_SED.png
1184243,5.298181135,No,No,No,No,No,No,No,No,No,No,No,No,No,,bad reduction?,https://fenrir.as.arizona.edu/diver/DIVER/grating_plots/spectrum_plot_1184243.png,https://jades.idies.jhu.edu/goods-n/goodsn_eazy_seds_v10e1/1184243_EAZY_SED.png
1184445,4.29283,No,No,No,No,Yes,No,No,No,Yes,Yes,No,Yes,No,optical lines,C3 + O2 to O3 w/ 4363,https://fenrir.as.arizona.edu/diver/DIVER/grating_plots/spectrum_plot_1184445.png,https://jades.idies.jhu.edu/goods-n/goodsn_eazy_seds_v10e1/1184445_EAZY_SED.png
1188500,8.011,No,Yes,Yes,Yes,No,No,No,No,No,No,No,No,No,"z8 Lya, CIV, HeII",Lya + CIV + HeII,https://fenrir.as.arizona.edu/diver/DIVER/grating_plots/spectrum_plot_1188500.png,https://jades.idies.jhu.edu/goods-n/goodsn_eazy_seds_v10e1/1188500_EAZY_SED.png
1201728,5.18851,No,No,No,No,No,No,No,No,Yes,No,No,No,No,CII]?,O2,https://fenrir.as.arizona.edu/diver/DIVER/grating_plots/spectrum_plot_1201728.png,https://jades.idies.jhu.edu/goods-n/goodsn_eazy_seds_v10e1/1201728_EAZY_SED.png
1216054,4.279685649,No,No,No,No,No,No,No,No,Yes,No,No,No,No,,O2 (contaminations),https://fenrir.as.arizona.edu/diver/DIVER/grating_plots/spectrum_plot_1216054.png,https://jades.idies.jhu.edu/goods-n/goodsn_eazy_seds_v10e1/1216054_EAZY_SED.png
1217707,6.56435,No,Yes,Yes,Yes,Yes,No,No,No,Yes,No,No,No,No,"LyA, HeII, OIII], CIII]",lya CIV HeII OIII] + CIII] + O2,https://fenrir.as.arizona.edu/diver/DIVER/grating_plots/spectrum_plot_1217707.png,https://jades.idies.jhu.edu/goods-n/goodsn_eazy_seds_v10e1/1217707_EAZY_SED.png
1219339,9.74351,No,No,No,Yes,No,Yes,No,No,No,No,No,No,No,"tentive NIV], CIV]",no emission line,https://fenrir.as.arizona.edu/diver/DIVER/grating_plots/spectrum_plot_1219339.png,https://jades.idies.jhu.edu/goods-n/goodsn_eazy_seds_v10e1/1219339_EAZY_SED.png
9994014,5.228,Yes,No,Yes,Yes,Yes,No,No,No,No,No,No,No,No,"CIII], CIV","LRD, CIV HeII OIII] CIII] (nice)",https://fenrir.as.arizona.edu/diver/DIVER/grating_plots/spectrum_plot_9994014.png,https://jades.idies.jhu.edu/goods-n/goodsn_eazy_seds_v10e1/1188037_EAZY_SED.png
